<?xml version="1.0" encoding="UTF-8"?>
<Package><Note-Package><NoteItems Author="Default" Guid="388BE547-7E72-4cb9-8DB6-F1A79D4AD50A" TextEncode1="Unicode" ReadOnly="False" IsImport="False" Version="1.0" Unit="PointsM"><Item acp="936" Type="Highlight" Page="1" Color="0000ffff" DescText="oYuXezpncGVXWwZSkGf+Vs9Q/YCbUoR2On93lgz/qYuhi5d7DQAKADpn+VuOeEdy249MiIxbaFEPYUlOCk6EduqBqFIWU/xipWNfTuBRTk4NTipZ71P9gAz/Ok4NAAoA3U/Bi/xipWOEdsZRbngnYAz/AJeBiShX/GKlY8ePC3otTqBSZVG6TuVdcl5wYsePC3o=" Author="QQBkAG0AaQBuAGkAcwB0AHIAYQB0AG8AcgA=" Time="2013-09-13 10:32:38" id="7BB5DD6DA4E64935871E9224296CF63B" ReadOnly="0" MultiLineType="0"><RC l="34415" t="33107" r="50739" b="34133"/><RC l="26978" t="34457" r="50739" b="35483"/><RC l="26978" t="35807" r="50239" b="36833"/></Item><Item acp="936" Type="Highlight" Page="1" Color="0000ffff" DescText="jE48UBZTBFkGdA==" Author="QQBkAG0AaQBuAGkAcwB0AHIAYQB0AG8AcgA=" Time="2013-09-13 10:33:10" id="0F9A0DB48DD445778623D54859DCFF1E" ReadOnly="0" MultiLineType="0"><RC l="41885" t="50957" r="46520" b="51983"/></Item><Item acp="936" Type="Highlight" Page="1" Color="0000ffff" DescText="UwBvAGIAZQBsACAAr2imXpd7UFsWYnZR1k6vaKZel3tQW/lbjnhHcv5Wz1Dbj0yIBFkGdA==" Author="QQBkAG0AaQBuAGkAcwB0AHIAYQB0AG8AcgA=" Time="2013-09-13 10:33:17" id="3204424284F0429AB6BB0DFE3EE61419" ReadOnly="0" MultiLineType="0"><RC l="26978" t="52282" r="47514" b="53333"/></Item></NoteItems><NoteItems TextEncode1="Unicode" Version="1.0" Unit="PointsM" Embedded="True"/></Note-Package><FileProperty-Package><DOI>CNKI:SUN:JSGG.0.2012-05-063</DOI><SCODE>I138</SCODE><PCODE>CRFD</PCODE><DURL><![CDATA[http://gongjushu.cnki.net/dict/]]></DURL></FileProperty-Package></Package>
